"id","callsign","tgid"
"1","LOCAL","TG1"
"2","LOCAL / CLUSTER","TG2"
"3","N/A","TG3"
"4","TECH-TALK LOCAL","TG4"
"5","CROSSLINK TX-RX.de","TG5"
"6","CROSSLINK FRN-MITTELSACHSEN","TG6"
"7","N/A","TG7"
"8","N/A","TG8"
"9","DIAL-a-TG","TG9"
"10","N/A","TG10"
"11","N/A","TG11"
"12","N/A","TG12"
"13","N/A","TG13"
"14","N/A","TG14"
"15","N/A","TG15"
"16","N/A","TG16"
"17","N/A","TG17"
"18","N/A","TG18"
"19","N/A","TG19"
"20","N/A","TG20"
"21","N/A","TG21"
"22","N/A","TG22"
"23","N/A","TG23"
"24","N/A","TG24"
"25","N/A","TG25"
"26","N/A","TG26"
"91","WORLD-WIDE","TG91"
"92","EUROPE","TG92"
"93","NORTH AMERICA NATIONAL","TG93"
"94","ASIA MIDDLE EAST NATIONAL","TG94"
"95","AUSTRALIA NEW ZELAND NATIONAL","TG95"
"202","TG202","TG202"
"204","NEDERLAND NATIONAL","TG204"
"206","BELGIUM NATIONAL","TG206"
"208","FRANCE NATIONAL","TG208"
"214","SPAIN NATIONAL","TG214"
"216","HUNGARY NATIONAL","TG216"
"218","BOSNIA AND HERZEGOVINA NATIONA","TG218"
"219","CROATIA NATIONAL","TG219"
"220","SERBIA NATIONAL","TG220"
"222","ITALIA NATIONAL","TG222"
"226","ROMANIA NATIONAL","TG226"
"228","SWITZERLAND NATIONAL","TG228"
"230","CZECH REPUBLIC NATIONAL","TG230"
"231","SLOVAK NATIONAL","TG231"
"232","AUSTRIA NATIONAL","TG232"
"235","UNITED KINGDOM","TG235"
"238","DENMARK","TG238"
"240","SWEDEN","TG240"
"242","NORWAY","TG242"
"244","FINLAND","TG244"
"246","LITHUANIA","TG246"
"248","ESTONIA","TG248"
"255","UKRAINE","TG255"
"259","MOLDOVA","TG259"
"260","POLAND","TG260"
"262","DEUTSCHLAND NATIONAL","TG262"
"263","DEUTSCHLAND MULTIMODE","TG263"
"268","PORTUGAL","TG268"
"270","LUXEMBOURG","TG270"
"272","IRELAND NATIONAL","TG272"
"280","CYPRUS","TG280"
"284","BULGARIA","TG284"
"286","TURKEY","TG286"
"292","SAN MARINO","TG292"
"297","MONTENEGRO","TG297"
"302","CANADA","TG302"
"3022","CANADA QUEBEC","TG3022"
"310","TAC-310 USA DMRX BRIDGE","TG310"
"311","TAC-311 USA DMRX BRIDGE","TG311"
"312","TAC-312 USA DMRX BRIDGE","TG312"
"313","TAC 313 USA","TG313"
"314","TAC 314 USA","TG314"
"315","TAC 315 USA","TG315"
"316","TAC 316 USA","TG316"
"317","TAC 317 USA","TG317"
"318","TAC 318 USA","TG318"
"319","TAC 319 USA","TG319"
"330","PUERTO RICO","TG330"
"334","XE TG334","TG334"
"358","SAINT LUCIA","TG358"
"370","DOMINICAN REPUBLIC","TG370"
"372","HAITI","TG372"
"374","TRINIDAD / TOBAGO","TG374"
"401","KAZAHSTAN","TG401"
"404","INDIA","TG404"
"415","LEBANON","TG415"
"420","SAUDI ARABIA","TG420"
"422","OMAN","TG422"
"425","ISRAEL","TG425"
"426","BAHREIN","TG426"
"427","QATAR","TG427"
"430","UNITED ARAB EMIRATES","TG430"
"440","JAPAN","TG440"
"450","SOUTH KOREA","TG450"
"454","HONG KONG","TG454"
"460","CHINA NATIONAL","TG460"
"502","MALAYSIA NATIONAL","TG502"
"505","AUSTRALIA","TG505"
"515","PHILIPPINES","TG515"
"520","THAILAND","TG520"
"525","SINGAPORE","TG525"
"530","ZL NATIONAL","TG530"
"602","EGYPT","TG602"
"655","SOUTH AFRICA","TG655"
"704","GUATEMALA","TG704"
"708","HONDURAS","TG708"
"714","PANAMA","TG714"
"722","ARGENTINA","TG722"
"724","BRAZIL NACIONAL","TG724"
"730","CHILE","TG730"
"732","COLUMBIA","TG732"
"734","VENEZUELA","TG734"
"748","URUGUAY","TG748"
"899","REPEATER TESTING","TG899"
"907","JOTA TG907","TG907"
"910","GERMAN WELTWEIT","TG910"
"913","ENGLISH","TG913"
"914","SPANISH","TG914"
"915","PORTUGUESE","TG915"
"918","YOTA TG918","TG918"
"920","DL-OE-HB9 DACH","TG920"
"922","DUTCH","TG922"
"923","EUROPEAN ENGLISH","TG923"
"924","SWEDISH","TG924"
"927","NORDIC","TG927"
"930","PANHELLENIC CHAT","TG930"
"937","FRANCOPHONIE","TG937"
"940","ARABIC","TG940"
"955","WWYL","TG955"
"969","DMR-CARIBBEAN","TG969"
"973","SOTA TG973","TG973"
"974","F974DMR ILE DE LA REUNION","TG974"
"2021","TG2021","TG2021"
"2022","TG2022","TG2022"
"2023","TG2023","TG2023"
"2024","TG2024","TG2024"
"2025","TG2025","TG2025"
"2026","TG2026","TG2026"
"2027","TG2027","TG2027"
"2028","TG2028","TG2028"
"2029","TG2029","TG2029"
"2041","NOORD NEDERLAND","TG2041"
"2042","MIDDEN NEDERLAND","TG2042"
"2043","ZUID NEDERLAND","TG2043"
"2044","OOST NEDERLAND","TG2044"
"2045","NEDERLAND TECHTALK","TG2045"
"2061","BELGIUM NORTH","TG2061"
"2062","BELGIUM SOUTH","TG2062"
"2063","BELGIUM EAST","TG2063"
"2064","BELGIUM ONDEMAND 4","TG2064"
"2065","BELGIUM ONDEMAND 5","TG2065"
"2066","BELGIUM ONDEMAND 6","TG2066"
"2067","BELGIUM ONDEMAND 7","TG2067"
"2068","BELGIUM ONDEMAND 8","TG2068"
"2069","BELGIUM ONDEMAND 9","TG2069"
"2080","URGENCES FR","TG2080"
"2081","TG2081","TG2081"
"2082","TG2082","TG2082"
"2083","TG2083","TG2083"
"2084","TG2084","TG2084"
"2085","TG2085","TG2085"
"2089","FRANCE DOM-TOM","TG2089"
"2141","REGIONAL EA1","TG2141"
"2142","REGIONAL EA2","TG2142"
"2143","REGIONAL EA3","TG2143"
"2144","REGIONAL EA4","TG2144"
"2145","REGIONAL EA5","TG2145"
"2146","REGIONAL EA6","TG2146"
"2147","REGIONAL EA7","TG2147"
"2148","REGIONAL EA8","TG2148"
"2149","REGIONAL EA9","TG2149"
"2161","HUNGARY CHAT","TG2161"
"2162","ZELLO FREEDMR HUNGARY","TG2162"
"2163","HUNGARY NORTH","TG2163"
"2164","HUNGARY SOUTH","TG2164"
"2165","HUNGARY TEST","TG2165"
"2169","LOCAL REPEATER","TG2169"
"2260","OZN AREA","TG2260"
"2262","DISTRICT YO2","TG2262"
"2263","DISTRICT YO3","TG2263"
"2264","DISTRICT YO4","TG2264"
"2265","DISTRICT YO5","TG2265"
"2266","DISTRICT YO6","TG2266"
"2267","DISTRICT YO7","TG2267"
"2268","DISTRICT YO8","TG2268"
"2269","DISTRICT YO9","TG2269"
"2280","SCHWEIZ DEUTSCH","TG2280"
"2281","SUISSE ROMANDE","TG2281"
"2282","VALAIS / WALLIS","TG2282"
"2283","BERN / SOLOTHURN","TG2283"
"2284","BASEL","TG2284"
"2285","AARGAU / ZENTRALSCHWEIZ","TG2285"
"2286","TICINO","TG2286"
"2287","TG2287","TG2287"
"2288","TG2288","TG2288"
"2289","OSTSCHWEIZ","TG2289"
"2300","CZECH CROSSCONECT","TG2300"
"2301","BOHEMIA","TG2301"
"2302","MORAVIA","TG2302"
"2311","SLOVAKIA","TG2311"
"2320","OE-MASTER","TG2320"
"2321","WIEN","TG2321"
"2322","SALZBURG","TG2322"
"2323","NIEDERÖSTERREICH","TG2323"
"2324","BURGENLAND","TG2324"
"2325","OBERÖSTERREICH","TG2325"
"2326","STEIERMARK","TG2326"
"2327","TIROL","TG2327"
"2328","KÄRNTEN","TG2328"
"2329","VORARLBERG","TG2329"
"2350","UNITED KINGDOM CALLING","TG2350"
"2351","UNITED KINGDOM CHAT","TG2351"
"2352","UNITED KINGDOM CHAT","TG2352"
"2353","UNITED KINGDOM CHAT","TG2353"
"2354","IRELAND","TG2354"
"2355","SCOTLAND","TG2355"
"2357","WALES","TG2357"
"2381","DENMARK NORDJYLLAND","TG2381"
"2382","DENMARK MIDTJYLLAND","TG2382"
"2383","DENMARK SYDDANMARK","TG2383"
"2384","DENMARK COPENHAGEN","TG2384"
"2385","DENMARK SJAELLAND","TG2385"
"2386","QSY1 CHAT","TG2386"
"2387","QSY2 CHAT","TG2387"
"2388","D-STAR DCS699B","TG2388"
"2389","XLX238 INTERLINK","TG2389"
"2400","REGIONAL SM0","TG2400"
"2401","REGIONAL SM1","TG2401"
"2402","REGIONAL SM2","TG2402"
"2403","REGIONAL SM3","TG2403"
"2404","REGIONAL SM4","TG2404"
"2405","REGIONAL SM5","TG2405"
"2406","REGIONAL SM6","TG2406"
"2407","REGIONAL SM7","TG2407"
"2410","DCS010D","TG2410"
"2411","SM TACTICAL","TG2411"
"2415","DCS010V","TG2415"
"2440","REGIONAL OH0","TG2440"
"2441","REGIONAL OH1","TG2441"
"2442","REGIONAL OH2","TG2442"
"2443","REGIONAL OH3","TG2443"
"2444","REGIONAL OH4","TG2444"
"2445","REGIONAL OH5","TG2445"
"2446","REGIONAL OH6","TG2446"
"2447","REGIONAL OH7","TG2447"
"2448","REGIONAL OH8","TG2448"
"2449","REGIONAL OH9","TG2449"
"2501","RUSSIA GLOBAL","TG2501"
"2502","XRF250A BRIDGE","TG2502"
"2503","DSTAR-SU / 24009 WIRES-X","TG2503"
"2555","UKRAINE BRIDGE DMR D-STAR YSF","TG2555"
"2559","EMERGENCY UKRAINE","TG2559"
"2620","SACHSEN-ANHALT / MECKLENBURG-V","TG2620"
"2621","BERLIN / BRANDENBURG","TG2621"
"2622","HAMBURG / SCHLESWIG-HOLSTEIN","TG2622"
"2623","NIEDERSACHSEN / BREMEN","TG2623"
"2624","NORDRHEIN-WESTFALEN","TG2624"
"2625","RHEINLAND-PFALZ / SAARLAND","TG2625"
"2626","HESSEN","TG2626"
"2627","BADEN-WÜRTTEMBERG","TG2627"
"2628","BAYERN","TG2628"
"2629","SACHSEN / THÜRINGEN","TG2629"
"2681","NORTH","TG2681"
"2682","CENTER","TG2682"
"2683","CAPITAL","TG2683"
"2684","ALENTEJO","TG2684"
"2685","ALGARVE","TG2685"
"2686","AZORES","TG2686"
"2687","MADEIRA IS","TG2687"
"2701","XLX270 A","TG2701"
"2705","LX ADRAD","TG2705"
"2706","LX RLX","TG2706"
"2707","LX LARU","TG2707"
"2720","IRELAND 0","TG2720"
"2721","IRELAND 1","TG2721"
"2722","IRELAND CALLING","TG2722"
"2723","IRELAND CHAT","TG2723"
"2724","BRIDGE TO YSF-IE","TG2724"
"2729","AREN LOGISTICS","TG2729"
"2802","NICOSIA","TG2802"
"2803","FAMAGUSTA","TG2803"
"2804","LARNACA","TG2804"
"2805","LIMASSOL","TG2805"
"2806","PAPHOS","TG2806"
"2807","KYRENIA","TG2807"
"2842","SOFIA","TG2842"
"2843","PLOVDIV","TG2843"
"2844","BURGAS","TG2844"
"2847","HASKOVO","TG2847"
"2849","VARNA","TG2849"
"2860","TURKEY ISTANBUL","TG2860"
"3023","ONTARIO CROSS-LINK","TG3023"
"3026","CANADA ENGLISH 4326","TG3026"
"3027","CANADA FRANCAIS 4327","TG3027"
"3100","USA-NATIONWIDE BRIDGE","TG3100"
"3101","ALABAMA","TG3101"
"3102","ALASKA","TG3102"
"3104","ARIZONA","TG3104"
"3105","ARKANSAS","TG3105"
"3106","CALIFORNIA","TG3106"
"3108","COLORADO","TG3108"
"3109","CONNECTICUT","TG3109"
"3110","DELAWARE","TG3110"
"3111","DC","TG3111"
"3112","FLORIDA","TG3112"
"3113","GEORGIA","TG3113"
"3115","HAWAII","TG3115"
"3116","IDAHO","TG3116"
"3117","ILLINOIS","TG3117"
"3118","INDIANA","TG3118"
"3119","IOWA","TG3119"
"3120","KANSAS","TG3120"
"3121","KENTUCKY","TG3121"
"3122","LOUISIANA","TG3122"
"3123","MAINE","TG3123"
"3124","MARYLAND","TG3124"
"3125","MASSACHUSETTS","TG3125"
"3126","MICHIGAN","TG3126"
"3127","MINNESOTA","TG3127"
"3128","MISSISSIPPI","TG3128"
"3129","MISSOURI","TG3129"
"3130","MONTANA","TG3130"
"3131","NEBRASKA","TG3131"
"3132","NEVADA","TG3132"
"3133","NEW HAMPSHIRE","TG3133"
"3134","NEW JERSEY","TG3134"
"3135","NEW MEXICO","TG3135"
"3136","NEW YORK","TG3136"
"3137","NORTH CAROLINA","TG3137"
"3138","NORTH DAKOTA","TG3138"
"3139","OHIO","TG3139"
"3140","OKLAHOMA","TG3140"
"3141","OREGON","TG3141"
"3142","PENNSYLVANIA","TG3142"
"3144","RHODE ISLAND","TG3144"
"3145","SOUTH CAROLINA","TG3145"
"3146","SOUTH DAKOTA","TG3146"
"3147","TENNESSEE","TG3147"
"3148","TEXAS","TG3148"
"3149","UTAH","TG3149"
"3150","VERMONT","TG3150"
"3151","VIRGINIA","TG3151"
"3153","WASHINGTON","TG3153"
"3154","WEST VIRGINIA","TG3154"
"3155","WISCONSIN","TG3155"
"3156","WYOMING","TG3156"
"3166","DVSWITCH","TG3166"
"3167","ALLSTAR","TG3167"
"3169","MIDWEST","TG3169"
"3171","NOCO","TG3171"
"3172","NORTHEAST","TG3172"
"3173","MID-ATLANTIC","TG3173"
"3174","SOUTHEAST","TG3174"
"3175","SOUTHERN PLAINS","TG3175"
"3176","SOUTHWEST","TG3176"
"3177","MOUNTAIN","TG3177"
"3180","MISSOURI LAKES","TG3180"
"3190","NORTHCENTRAL PA SOUTHERNTIER N","TG3190"
"3195","CHEMUNG STORM CHASERS","TG3195"
"3199","HURRICANE NET","TG3199"
"3300","PRADISE REPEATER","TG3300"
"3341","XE 1","TG3341"
"3342","XE 2","TG3342"
"3343","XE 3","TG3343"
"3581","CASTRIES","TG3581"
"3582","VIEUX FORT","TG3582"
"3740","REACT","TG3740"
"3741","WOODBROOK","TG3741"
"3742","PORT OF SPAIN","TG3742"
"3743","SAN FERNANDO","TG3743"
"3744","TOBAGO","TG3744"
"4000","DISCONNECT REF4000","REF4000"
"4016","BERLIN-BRANDENBURG REF4016","REF4016"
"4060","SWITZERLAND GERMAN REF4060","REF4060"
"4061","SWITZERLAND FRENCH REF4061","REF4061"
"4062","SWITZERLAND ITALIAN REF4062","REF4062"
"4063","BERN / SOLOTHURN REF4063","REF4063"
"4064","BASEL REF4064","REF4064"
"4065","AARGAU / ZENTRALSCHWEIZ REF406","REF4065"
"4069","OSTSCHWEIZ REF4069","REF4069"
"4213","SERVER DE NICE","TG4213"
"4242","NORWAY REF4242","REF4242"
"4250","REF-ITA REF4250","REF4250"
"4251","REF-ITA1 REF4251","REF4251"
"4252","REF-ITA2 REF4252","REF4252"
"4253","REF-ITA3 REF4253","REF4253"
"4254","REF-ITA4 REF4254","REF4254"
"4255","REF-ITA5 REF4255","REF4255"
"4256","REF-ITA6 REF4256","REF4256"
"4257","REF-ITA7 REF4257","REF4257"
"4258","REF-ITA8 REF4258","REF4258"
"4259","REF-ITA9 REF4259","REF4259"
"4260","REF-ITA0 REF4260","REF4260"
"4280","POLAND 260 REF4280","REF4280"
"4281","POLAND TECH 26040 REF4281","REF4281"
"4300","FRANCE 0 REF4300","REF4300"
"4301","FRANCE MEDITERRANEE 1 REF4301","REF4301"
"4302","FRANCE ALPES 2 REF4302","REF4302"
"4303","FRANCE MIDI PYRENEES 3 REF4303","REF4303"
"4304","FRANCE EST 4 REF4304","REF4304"
"4305","FRANCE OUEST REF4305","REF4305"
"4306","FRANCE ATLANTIQUE 6 REF4306","REF4306"
"4307","FRANCE NORD 7 REF4307","REF4307"
"4308","FRANCE CENTRE 8 REF4308","REF4308"
"4309","FRANCE DOM-TOM 9 REF4309","REF4309"
"4310","FRANCE ILE DE FRANCE 10 REF431","REF4310"
"4316","FRANCE / DCS033C 16 REF4316","REF4316"
"4317","FRANCE / XRF067C 17 REF4317","REF4317"
"4326","CANADA ENGLISH REF4326","REF4326"
"4327","CANADA FRANCAIS REF4327","REF4327"
"4370","XRF007 B REF4370","REF4370"
"4400","UNITED KINGDOM REF4400","REF4400"
"4401","CHAT REF4401","REF4401"
"4402","CHAT REF4402","REF4402"
"4403","CHAT REF4403","REF4403"
"4404","IRELAND","REF4404"
"4405","SCOTLAND REF4405","REF4405"
"4407","WALES REF4407","REF4407"
"4410","SWEST REF4410","REF4410"
"4411","SEAST REF4411","REF4411"
"4412","NORTH WEST REF4412","REF4412"
"4414","IRELAND CHAT","REF4414"
"4415","SCOTLAND CHAT REF4415","REF4415"
"4416","NORTH EAST REF4416","REF4416"
"4417","WALES CHAT REF4417","REF4417"
"4418","MIDLANDS REF4418","REF4418"
"4419","EAST OF ENGLAND REF4419","REF4419"
"4426","ALLSTAR LINK REF4426","REF4426"
"4500","NEDERLAND REF4500","REF4500"
"4501","NOORD NEDERLAND REF4501","REF4501"
"4502","MIDDEN NEDERLAND REF4502","REF4502"
"4503","ZUID NEDERLAND REF4503","REF4503"
"4504","OOST NEDERLAND REF4504","REF4504"
"4600","FLORIDA REF4600","REF4600"
"4601","GEORGIA REF4601","REF4601"
"4602","NORTH CAROLINA REF4602","REF4602"
"4603","TEXAS REF4603","REF4603"
"4636","MI5-STATEWIDE1 31261 REF4636","REF4636"
"4637","MI5-STATEWIDE2 31262 REF4637","REF4637"
"4638","MI5-EVENT 31263 REF4638","REF4638"
"4639","WORLDWIDE REF4639","REF4639"
"4640","USA-AREA 0 REF4640","REF4640"
"4641","USA-AREA 1 REF4641","REF4641"
"4642","USA-AREA 2 REF4642","REF4642"
"4643","USA-AREA 3 REF4643","REF4643"
"4644","USA-AREA 4 REF4644","REF4644"
"4645","USA-AREA 5 REF4645","REF4645"
"4646","USA-AREA 6 REF4646","REF4646"
"4647","USA-AREA 7 REF4647","REF4647"
"4648","USA-AREA 8 REF4648","REF4648"
"4649","USA-AREA 9 REF4649","REF4649"
"4750","BELGIUM REF4750","REF4750"
"4751","BELGI NOORD REF4751","REF4751"
"4752","BELGIQUE SUD REF4752","REF4752"
"4753","BELGIEN OST REF4753","REF4753"
"4770","HUNGARY REF4770","REF4770"
"4790","XE 334 REF4790","REF4790"
"4791","XE 1 3341 REF4791","REF4791"
"4792","XE 2 3342 REF4792","REF4792"
"4793","XE 3 3343 REF4793","REF4793"
"4799","XE EXPERIMENTAL REF4799","REF4799"
"4805","AUSTRALIA 505 REF4805","REF4805"
"4806","AUSTRALIA 5050 REF4806","REF4806"
"4860","NORWAY REF4860","REF4860"
"5000","REF INFO REF5000","REF5000"
"5021","WEST MALAYSIA","TG5021"
"5022","EAST MALAYSIA","TG5022"
"5050","XLX500 G","TG5050"
"5051","AUSTRALIAN CAPITAL TERRITORY","TG5051"
"5052","AUSTRALIA NEW SOUTH WALES","TG5052"
"5053","AUSTRALIA VICTORIA","TG5053"
"5054","AUSTRALIA QUEENSLAND","TG5054"
"5055","SOUTH AUSTRALIA","TG5055"
"5056","WESTERN AUSTRALIA","TG5056"
"5058","AUSTRALIA NORTHERN TERRITORY","TG5058"
"5059","YSF001 WIRES-X","TG5059"
"5151","NCR","TG5151"
"5152","CRIRCV","TG5152"
"5153","CLUZON","TG5153"
"5154","BICOLR","TG5154"
"5301","ZL1 REGIONAL TG5301","TG5301"
"5302","ZL2 REGIONAL TG5302","TG5302"
"5303","ZL3 REGIONAL TG5303","TG5303"
"5304","ZL4 REGIONAL TG5304","TG5304"
"5959","CROSS MODE DMR - ANALOGIQUE TG","TG5959"
"5962","F62DMR LES AMIS DU NORD","TG5962"
"6041","RABAT TG6041","TG6041"
"6471","TG6471","TG6471"
"7081","HONDURAS ZONE 1 TG7081","TG7081"
"7082","HONDURAS ZONE 2 TG7082","TG7082"
"7083","HONDURAS ZONE 3 TG7083","TG7083"
"7084","HONDURAS ZONE 4 TG7084","TG7084"
"7085","HONDURAS ZONE 5 TG7085","TG7085"
"7086","HONDURAS ZONE 6 TG7086","TG7086"
"7087","HONDURAS ZONE 7 TG7087","TG7087"
"7088","HONDURAS ZONE 8 TG7088","TG7088"
"7089","HONDURAS ZONE 9 TG7089","TG7089"
"7141","PANAMA CITY TG7141","TG7141"
"7142","COLON TG7142","TG7142"
"7143","WIRES-X FUSION LINK TG7143","TG7143"
"7147","HP PANAMA HUB TG7147","TG7147"
"7166","PERU ZONA OA6 TG7166","TG7166"
"7221","AR AMBA TG7221","TG7221"
"7227","ARGENTINA LINK TG7227","TG7227"
"7229","AR TEST TG7229","TG7229"
"7300","CE0 TG7300","TG7300"
"7301","CE1 TG7301","TG7301"
"7302","CE2 TG7302","TG7302"
"7303","CE3 TG7303","TG7303"
"7304","CE4 TG7304","TG7304"
"7305","CE5 TG7305","TG7305"
"7306","CE6 TG7306","TG7306"
"7307","CE7 TG7307","TG7307"
"7308","CE8 TG7308","TG7308"
"7309","CE9 TG7309","TG7309"
"7320","COLUMBIA HK0 ZONE TG7320","TG7320"
"7323","COLUMBIA HK3 ZONE TG7323","TG7323"
"7325","COLUMBIA HK5 ZONE TG7325","TG7325"
"7326","COLUMBIA HK6 ZONE TG7326","TG7326"
"8515","DSTAR ITALIA XLX-77 LINK TG851","TG8515"
"9071","JOTA TAC 1 TG9071","TG9071"
"9072","JOTA TAC 2 TG9072","TG9072"
"9073","JOTA TAC 3 TG9073","TG9073"
"9074","JOTA TAC 4 TG9074","TG9074"
"9075","JOTA TAC 5 TG9075","TG9075"
"9076","JOTA TAC 6 TG9076","TG9076"
"9077","JOTA TAC 7 TG9077","TG9077"
"9078","JOTA TAC 8 TG9078","TG9078"
"9101","WORLDWIDE MARITIME TG9101","TG9101"
"9107","XRF007 B TG9107","TG9107"
"9112","EMCOM EU EMERGENCY","TG9112"
"9201","EURAO TG9201","TG9201"
"9371","FRANCOPHONIE C4FM TG9371","TG9371"
"9410","ATV TALK TG9410","TG9410"
"9500","COLLEGIATE TG9500","TG9500"
"9502","XRF250C BRIDGE TG9502","TG9502"
"9504","RUSSIA ECHOLINK TG9504","TG9504"
"9505","BRIDGE TO RADIOCULT FRN TG9505","TG9505"
"9800","CAFE GRATIS TG9800","TG9800"
"9911","EMCOM US TG9911","TG9911"
"9990","PARROT / ECHO","TG9990"
"20201","HELLENIC TECH 1 TG20201","TG20201"
"20202","HELLENIC TECH 2 TG20202","TG20202"
"20203","HELLENIC ECHOLINK BRIDGE TG202","TG20203"
"20206","XLX145 / DSTAR TG20206","TG20206"
"20207","RAAG XLX737 TG20207","TG20207"
"20208","YSF202 GREECE TG20208","TG20208"
"20231","PATRAS GROUP TG20231","TG20231"
"20281","CORFU ISLAND GREECE TG20281","TG20281"
"20401","WIRES-X HOBBYSCOOP TG20401","TG20401"
"20411","MULTIMODEX TG20411","TG20411"
"20412","XRELAY TG20412","TG20412"
"20421","REGIO KEISTAD TG20421","TG20421"
"20441","REGIO IJSSELMOND TG20441","TG20441"
"20443","GELDERLAND MIDDEN TG20443","TG20443"
"20492","VETERANENDAG TG20492","TG20492"
"20494","YSF444 TG20494","TG20494"
"20601","BELGIUM NORTH YSF BRIDGE TG206","TG20601"
"20602","BELGIUM SOUTH YSF BRIDGE TG206","TG20602"
"20681","GEMBLOUX TG20681","TG20681"
"20800","YSF FRANCE TG20800","TG20800"
"20803","TG20803","TG20803"
"20810","TG20810","TG20810"
"20813","TG20813","TG20813"
"20820","TG20820","TG20820"
"20830","TG20830","TG20830"
"20837","TG20837","TG20837"
"20843","TG20843","TG20843"
"20845","TG20845","TG20845"
"20853","TG20853","TG20853"
"20857","TG20857","TG20857"
"20859","TG20859","TG20859"
"20867","TG20867","TG20867"
"20869","LYON RHONE-ALPES TG20869","TG20869"
"20872","TG20872","TG20872"
"20877","TG20877","TG20877"
"20883","TG20883","TG20883"
"20887","TG20887","TG20887"
"20895","TG20895","TG20895"
"21401","PROVINCIAL ARABA TG21401","TG21401"
"21402","PROVINCIAL ALBACETE TG21402","TG21402"
"21403","PROVINCIAL ALICANTE TG21403","TG21403"
"21404","TG21404","TG21404"
"21405","PROVINCIAL AVILA TG21405","TG21405"
"21406","PROVINCIAL BADAJOZ TG21406","TG21406"
"21407","PROVINCIAL ILLES BALEARS TG214","TG21407"
"21408","PROVINCIAL BARCELONA TG21408","TG21408"
"21409","PROVINCIAL BURGOS TG21409","TG21409"
"21410","TG21410","TG21410"
"21411","TG21411","TG21411"
"21412","TG21412","TG21412"
"21413","PROVINCIAL CIUDAD REAL TG21413","TG21413"
"21414","TG21414","TG21414"
"21415","TG21415","TG21415"
"21416","PROVINCIAL CUENCA TG21416","TG21416"
"21417","PROVINCIAL GIRONA TG21417","TG21417"
"21418","PROVINCIAL GRANADA TG21418","TG21418"
"21419","PROVINCIAL GUADALAJARA TG21419","TG21419"
"21420","PROVINCIAL GIPUZKOA TG21420","TG21420"
"21421","PROVINCIAL HUELVA TG21421","TG21421"
"21422","PROVINCIAL HUESCA TG21422","TG21422"
"21423","PROVINCIAL JAEN TG21423","TG21423"
"21424","PROVINCIAL LEON TG21424","TG21424"
"21425","PROVINCIAL LLEIDA TG21425","TG21425"
"21427","PROVINCIAL LUGO TG21427","TG21427"
"21428","PROVINCIAL MADRID TG21428","TG21428"
"21429","TG21429","TG21429"
"21430","PROVINCIAL MURCIAL TG21430","TG21430"
"21431","PROVINCIAL NAVARRA TG21431","TG21431"
"21432","PROVINCIAL OURENSE TG21432","TG21432"
"21433","PROVINCIAL ASTURIAS TG21433","TG21433"
"21434","PROVINCIAL PALENCIA TG21434","TG21434"
"21436","PROVINCIAL PONTEVEDRA TG21436","TG21436"
"21437","PROVINCIAL SALAMANCA TG21437","TG21437"
"21438","PROVINCIAL TENERIFE TG21438","TG21438"
"21439","PROVINCIAL CANTABRIA TG21439","TG21439"
"21440","PROVINCIAL SEGOVIA TG21440","TG21440"
"21441","PROVINCIAL SEVILLA TG21441","TG21441"
"21442","PROVINCIAL SORIA TG21442","TG21442"
"21443","PROVINCIAL TARRAGONA TG21443","TG21443"
"21444","PROVINCIAL TERUEL TG21444","TG21444"
"21445","PROVINCIAL TOLEDO TG21445","TG21445"
"21446","PROVINCIAL VALENCIA TG21446","TG21446"
"21447","PROVINCIAL VALLADOLID TG21447","TG21447"
"21448","PROVINCIAL BIZKAIA TG21448","TG21448"
"21449","PROVINCIAL ZAMORA TG21449","TG21449"
"21450","PROVINCIAL ZARAGOZA TG21450","TG21450"
"21451","PROVINCIAL CEUTA TG21451","TG21451"
"21452","PRONVICAL MELILLA TG21452","TG21452"
"21460","CT CATALANA TG21460","TG21460"
"21461","YSF-EA5 SPAIN TG21461","TG21461"
"21462","TG21462","TG21462"
"21463","TG DE USO LIBRE TG21463","TG21463"
"21464","TG DE USO LIBRE TG21464","TG21464"
"21466","TG DE USO LIBRE TG21466","TG21466"
"21467","YSF BIZKAIA TG21467","TG21467"
"21468","EA8EE-R TG21468","TG21468"
"21469","TG DE USO LIBRE TG21469","TG21469"
"21470","TG DE USO LIBRE TG21470","TG21470"
"21471","TG DE USO LIBRE TG21471","TG21471"
"22201","LAZIO TG22201","TG22201"
"22202","SARDEGNA TG22202","TG22202"
"22203","UMBRIA TG22203","TG22203"
"22211","LIGURIA TG22211","TG22211"
"22212","PIEMONTE TG22212","TG22212"
"22213","TG22213","TG22213"
"22221","LOMBARDIA TG22221","TG22221"
"22231","FRIULI VENEZIA GIULIA TG22231","TG22231"
"22232","TRENTINO ALTO ADIGE TG22232","TG22232"
"22233","VENETO TG22233","TG22233"
"22241","EMILIA ROMAGNA TG22241","TG22241"
"22251","TOSCANA TG22251","TG22251"
"22261","ABRUZZO TG22261","TG22261"
"22262","MARCHE TG22262","TG22262"
"22271","PUGLIA TG22271","TG22271"
"22281","BASILICATA TG22281","TG22281"
"22282","CALABRIA TG22282","TG22282"
"22283","CAMPANIA TG22283","TG22283"
"22284","MOLISE TG22284","TG22284"
"22287","IT CISAR TG22287","TG22287"
"22288","IT ARI TG22288","TG22288"
"22289","IT ERA TG22289","TG22289"
"22291","SICILIA TG22291","TG22291"
"22292","DSTAR ITALY TG22292","TG22292"
"22298","WIRES-X ITALY-NORD TG22298","TG22298"
"22299","WIRESX-ROOM-ITA TG22299","TG22299"
"22601","DIASPORA YO TG22601","TG22601"
"22603","GATE TO ROLINK","TG22603"
"22801","UA 1","TG22801"
"22802","UA 2","TG22802"
"22803","UA 3","TG22803"
"22804","UA 4","TG22804"
"22810","HB9-BM-WIRESX","TG22810"
"22811","VAUD","TG22811"
"22812","TG22812","TG22812"
"22813","ALPES VAUDOISES","TG22813"
"22814","ALPES VALAISANNES","TG22814"
"22820","BRIDGE YSF-HB9","TG22820"
"22860","SWISS-ITALIANA","TG22860"
"22877","POSCHIAVO","TG22877"
"23200","TAC 1 AUSTRIA","TG23200"
"23207","SÜDTIROL","TG23207"
"23299","TAC 2 AUSTRIA","TG23299"
"23500","UNITED KINGDOM SOUTH-WEST","TG23500"
"23510","UNITED KINGDOM SOUTH-EAST","TG23510"
"23520","UNITED KINGDOM NORTH-WEST","TG23520"
"23527","UNITED KINGDOM MIL VET","TG23527"
"23528","UNITED KINGDOM HACKSPACE","TG23528"
"23529","BRACKNELL","TG23529"
"23530","YORKSHIRE LINK","TG23530"
"23540","IRELAND CHAT","TG23540"
"23550","SCOTLAND CHAT","TG23550"
"23560","NORTH EAST","TG23560"
"23562","M62 CORRIDOR","TG23562"
"23570","WALES CHAT","TG23570"
"23580","MIDLANDS","TG23580"
"23590","EAST MIDLANDS","TG23590"
"23810","YSF238 YSF DENMARK","TG23810"
"23811","WIRESX CQ-SWEDEN","TG23811"
"23812","WIRESX CQ-DENMARK","TG23812"
"23888","OZ0FT LINK","TG23888"
"24098","ROBUST PACKET","TG24098"
"24401","FINLAND QSY1","TG24401"
"24402","FINLAND QSY2","TG24402"
"24403","FINLAND SAR","TG24403"
"24404","FINLAND TECH TALK","TG24404"
"24405","FINLAND BULLETINS TG24405","TG24405"
"24406","FINLAND TESTING TG24406","TG24406"
"24431","REGIONAL OH3 TAMPERE TG24431","TG24431"
"24432","REGIONAL OH3 LAHTI TG24432","TG24432"
"24461","TG24461","TG24461"
"24465","TG DE USO LIBRE TG24465","TG24465"
"24491","FINLAND LINKS1 TG24491","TG24491"
"24492","FINLAND LINKS2 TG24492","TG24492"
"24493","FINLAND LINKS3 TG24493","TG24493"
"24499","FINLAND ALL-MODE-LINKING TG244","TG24499"
"24810","ESTONIA-RUS / HAM-DMREE TG2481","TG24810"
"25501","KYIV CITY TG25501","TG25501"
"25502","VINNYTSKA OBL TG25502","TG25502"
"25503","VOLYNSKA OBL TG25503","TG25503"
"25504","DNIRPO OBL TG25504","TG25504"
"25505","DONETSKA OBL TG25505","TG25505"
"25506","ZHYTOMYRSKA OBL TG25506","TG25506"
"25507","ZAKARPATSKA OBL TG25507","TG25507"
"25508","ZAPORIZKA OBL TG25508","TG25508"
"25509","IVANO FRANKIVSKA OBL TG25509","TG25509"
"25510","KYIVSKA OBL TG25510","TG25510"
"25511","CRIMEA TG25511","TG25511"
"25512","KROPYVNYTSKYJ OBL TG25512","TG25512"
"25513","LUGANSKA OBL TG25513","TG25513"
"25514","LVIVSKA OBL TG25514","TG25514"
"25515","MYKOLAIVSKA OBL TG25515","TG25515"
"25516","ODESKA OBL TG25516","TG25516"
"25517","POLTAVSKA OBL TG25517","TG25517"
"25518","RIVNENSKA OBL TG25518","TG25518"
"25519","SUMSKA OBL TG25519","TG25519"
"25520","TERNOPILSKA OBL TG25520","TG25520"
"25521","KHARKIVSKA OBL TG25521","TG25521"
"25522","KHERSONSKA OBL TG25522","TG25522"
"25523","KHMELNYTSKA OBL TG25523","TG25523"
"25524","CHERKASKA OBL TG25524","TG25524"
"25525","CHERNIGIVSKA OBL TG25525","TG25525"
"25526","CHERNIVETSKA OBL TG25526","TG25526"
"25527","SEVASTOPOL TG25527","TG25527"
"25599","EMERGENCY ZAKARPATTIA TG25599","TG25599"
"25701","BELARUS / MINSK TG25701","TG25701"
"25999","MD TECH GROUP TG25999","TG25999"
"26026","SPEC POMORSKIE TG26026","TG26026"
"26040","POLAND TECH","TG26040"
"26200","TAC 1 AUSWEICH-TG","TG26200"
"26201","DEUTSCHLAND MARITIME","TG26201"
"26202","DEUTSCHLAND AERONAUTICAL","TG26202"
"26207","SACHSEN-ANHALT","TG26207"
"26209","BRANDENBURG","TG26209"
"26211","OV F11 BAD HOMBURG","TG26211"
"26212","BERLIN-CITY","TG26212"
"26217","MECKLENBURG-VORPOMMERN","TG26217"
"26220","GROßRAUM HAMBURG","TG26220"
"26221","HAMBURG-CITY","TG26221"
"26222","OSTHOLSTEIN-NORD","TG26222"
"26223","GROßRAUM BREMEN","TG26223"
"26224","ELBE-WESER","TG26224"
"26225","AFU-NORD","TG26225"
"26226","DMR NETZVERBUND NORD","TG26226"
"26227","DMR NETZVERBUND NORD","TG26227"
"26228","OSTHOLSTEIN-SÜD","TG26228"
"26229","SÜDHOLSTEIN","TG26229"
"26230","MITTELLANDKANAL","TG26230"
"26231","NI MITTE","TG26231"
"26233","TAC 3 AUSWEICH-TG","TG26233"
"26234","NIEDERSACHSEN-SÜD","TG26234"
"26235","NIEDERSACHSEN-SÜDHEIDE","TG26235"
"26236","NIEDERSACHSEN-NORD","TG26236"
"26237","NORDSEE","TG26237"
"26239","NI-OST","TG26239"
"26240","CROSSLINK BREMEN CITY","TG26240"
"26241","RHEINLAND","TG26241"
"26242","MÜNSTERLAND","TG26242"
"26243","RUHRGEBIET","TG26243"
"26245","RHEINLAND-SÜD","TG26245"
"26246","NIEDERRHEIN","TG26246"
"26247","DG VELBERT","TG26247"
"26249","IGFS-IG-FUNK-SIEBENGEBIRGE","TG26249"
"26250","SAARLAND","TG26250"
"26253","WESTPFALZ","TG26253"
"26255","KAISERSLAUTERN","TG26255"
"26256","EIFEL-HUNSRÜCK","TG26256"
"26257","SIEGERLAND","TG26257"
"26259","TRIER-SAARBURG","TG26259"
"262501","MAYEN-KOBLENZ","TG262501"
"262502","NIEDER-OLM","TG262502"
"262503","QUIRNHEIM-PFALZ","TG262503"
"262590","DL-RLP ADLER GRUPPE","TG262590"
"26260","MITTELHESSEN","TG26260"
"26261","NORDHESSEN","TG26261"
"26262","RHEIN-MAIN-NECKAR","TG26262"
"26263","BERGSTRASSE","TG26263"
"26264","REGION ODENWALD","TG26264"
"26265","TAUNUS","TG26265"
"26266","TAC 4 AUSWEICH-TG","TG26266"
"26267","MAIN-KINZIG-KREIS","TG26267"
"26269","WIRES-X-DL-HE/RLP","TG26269"
"26270","STUTTGART","TG26270"
"26271","BADEN","TG26271"
"26272","NECKAR-ODENWALD","TG26272"
"26273","BW-OSTALB","TG26273"
"26275","SCHWARZWALD-NORD","TG26275"
"26276","NECKAR-ALB","TG26276"
"26277","SCHWARZWALD","TG26277"
"26278","BW HERRENBERG","TG26278"
"26279","BW-MITTLERER-NECKAR","TG26279"
"26280","NIEDERBAYERN","TG26280"
"26282","SCHWABEN","TG26282"
"26284","REGION FRANKEN","TG26284"
"26285","REGION INGOLSTADT","TG26285"
"26286","COBURG-RENNSTEIG","TG26286"
"26287","ALLGÄU-BODENSEE","TG26287"
"26288","REGION BAYERN OBERLAND","TG26288"
"26289","OBERPFALZ","TG26289"
"26290","FRANKENWELLE","TG26290"
"26291","MITTELGEBIRGE RHÖN","TG26291"
"26292","CROSSLINK KISSINGER HÜTTE","TG26292"
"26296","WEIMAR","TG26296"
"26297","DRESDEN","TG26297"
"26298","THÜRINGEN","TG26298"
"26299","TAC 2 AUSWEICH-TG","TG26299"
"26301","SACHSEN-ERZGEBIRGE","TG26301"
"26302","LEIPZIG","TG26302"
"26322","OV-D22-SOZIALE-MEDIEN","TG26322"
"26330","FURCOM1","TG26330"
"26331","NIEDERSACHSEN OST","TG26331"
"26338","AFU38","TG26338"
"26339","MAGDEBURG","TG26339"
"26345","OSTWESTFALEN-LIPPE","TG26345"
"26346","OSTWESTFALEN-LIPPE","TG26346"
"26347","IGA-RHEIN-ERFT","TG26347"
"26348","WESTMÜNSTERLAND","TG26348"
"26349","HOCHSAUERLAND","TG26349"
"26355","AGFAA","TG26355"
"26370","ULM / DONAU","TG26370"
"26371","SCHWARZWALD-BAAR-HEUBERG","TG26371"
"26374","ARIG-MN","TG26374"
"26375","BODENSEE-OBERSCHWABEN","TG26375"
"26377","ORTENAU","TG26377"
"26384","SCHROBENHAUSEN","TG26384"
"26385","JURA","TG26385"
"26386","SÜDOSTBAYERN","TG26386"
"26387","CHAM","TG26387"
"26388","REGION BAYERN-CHIEMGAU","TG26388"
"26390","NEUMARKT","TG26390"
"26391","METROPOLREGION NÜRNBERG","TG26391"
"26395","RAUTE","TG26395"
"26421","C4FM-DL-HAMBURG","TG26421"
"26429","DL-NORDWEST","TG26429"
"26439","EDER-LAHN","TG26439"
"26444","INSELFREUNDE","TG26444"
"26446","MULTIBRIDGE-OWL","TG26446"
"26447","OWL-TALK","TG26447"
"26448","TRUCKER / BF3-4 DRIVER","TG26448"
"26538","NORDHARZ","TG26538"
"26577","GERMANY-DX","TG26577"
"26965","DL-HILDESHEIM GRUPPE","TG26965"
"26861","CU1-STAMARIA ISL","TG26861"
"26862","CU2-SMIGUEL ISL TG26862","TG26862"
"26863","CU3-TERCEIRA ISL TG26863","TG26863"
"26864","CU4-GRACIOSA ISL TG26864","TG26864"
"26865","CU5-SJORGE ISL TG26865","TG26865"
"26866","CU6-PICO ISL TG26866","TG26866"
"26867","CU7-FAIAL ISL TG26867","TG26867"
"26868","CU8-FLORES ISL TG26868","TG26868"
"26869","CU9-CORVO ISL TG26869","TG26869"
"27051","LX ADRAD TEST TG27051","TG27051"
"27062","XLX270 B TG27062","TG27062"
"27070","LX LARU ON-DEMAND TG27070","TG27070"
"27071","LX LARU NORTH TG27071","TG27071"
"27072","LX LARU CENTER TG27072","TG27072"
"27073","LX LARU SOUTH TG27073","TG27073"
"27079","LX LARU EMCOMM TG27079","TG27079"
"27230","AREN LOGISTICS TG27230","TG27230"
"27240","SIRN GATEWAY TG27240","TG27240"
"27247","XLX 925 D TG27247","TG27247"
"27248","XLX 925 C TG27248","TG27248"
"27250","IRL CONNACHT","TG27250"
"272500","IRL SLIGO","TG272500"
"27251","IRL LEINSTER","TG27251"
"272510","DUBLIN REPEATER 446","TG272510"
"272519","DUBLIN REPEATER 446","TG272519"
"27252","IRL MUNSTER","TG27252"
"27253","IRL ULSTER","TG27253"
"272530","RL DONEGAL","TG272530"
"272538","ZELLO FREEDMR IRELAND","TG272538"
"272501","IRL LEITRIM","TG272501"
"27273","EMF CAMP HUB TG27273","TG27273"
"27291","AREN TACTICAL 1 TG27291","TG27291"
"28091","YOUTH 1 TG28091","TG28091"
"28092","YOUTH 2 TG28092","TG28092"
"28096","XLX146 TG28096","TG28096"
"28097","WIRESX CYPRUS TG28097","TG28097"
"28614","TURKEY BOLU TG28614","TG28614"
"28617","TURKEY CANAKKALE TG28617","TG28617"
"28627","TURKEY GAZIANTEP TG28627","TG28627"
"28633","TURKEY MERSIN TG28633","TG28633"
"28641","TURKEY KOCAELI TG28641","TG28641"
"28645","TURKEY MANISA TG28645","TG28645"
"28646","TURKEY KMARAS TG28646","TG28646"
"28677","TURKEY YALOVA TG28677","TG28677"
"30232","ONTARIO STORM SPOTTING TG30232","TG30232"
"30271","CANADA BC 1 TG30271","TG30271"
"30272","CANADA BC 2 TG30272","TG30272"
"31000","PARROT GROUP CALL TG31000","TG31000"
"31001","NET TALKGROUP 1 TG31001","TG31001"
"31002","NET TALKGROUP 2 TG31002","TG31002"
"31010","ALABAMA LINK TG31010","TG31010"
"31011","GULF COAST DMR TG31011","TG31011"
"31012","QUADNET TG31012","TG31012"
"31013","ALERT-K4NWS TG31013","TG31013"
"31014","HSV TG31014","TG31014"
"31015","CENTRAL ALABAMA TG31015","TG31015"
"31016","NW ALABAMA TG31016","TG31016"
"31040","AZ EMCOMM TG31040","TG31040"
"31051","ARWX TG31051","TG31051"
"31058","NW ARKANSAS TG31058","TG31058"
"31060","PVARC TG31060","TG31060"
"31061","CAL 1 TG31061","TG31061"
"31062","MOUNTAIN WEST TG31062","TG31062"
"31063","MTN WEST 1 TG31063","TG31063"
"31064","SANTA CLARA COUNTY TG31064","TG31064"
"31065","NORCAL ALLSTAR TG31065","TG31065"
"31066","SOCAL TG31066","TG31066"
"31067","SOCAL 1 TG31067","TG31067"
"31068","NORCAL TG31068","TG31068"
"31069","NORCAL 1 TG31069","TG31069"
"31070","VCDRC TG31070","TG31070"
"31071","VCDRC 2 TG31071","TG31071"
"31072","CALIFORNIA TAC TG31072","TG31072"
"31073","SBARC TG31073","TG31073"
"31074","SD SAR TEAM TG31074","TG31074"
"31075","BAYNET TG31075","TG31075"
"31076","CDM TG31076","TG31076"
"31077","PAPA CHAT TG31077","TG31077"
"31078","PAPA BRIDGE TG31078","TG31078"
"31079","ALERT RADIO TG31079","TG31079"
"31080","COLORADO CHAT TG31080","TG31080"
"31082","COLORADO-LINK TG31082","TG31082"
"31083","CO SEVERE WX TG31083","TG31083"
"31084","NOCO MOUNTAIN FR TG31084","TG31084"
"31085","SKICOUNTRYARC TG31085","TG31085"
"31086","WESTERN COLORADO TG31086","TG31086"
"31088","COLORADO HD TG31088","TG31088"
"31089","HYTERA USA TG31089","TG31089"
"31090","CONNECTICUT TAC TG31090","TG31090"
"31091","SPARC TG31091","TG31091"
"31100","DELAWARE TAC TG31100","TG31100"
"31120","TAC- FLORIDA TG31120","TG31120"
"31121","FIRST COAST DMR TG31121","TG31121"
"31122","WC FLORIDA TG31122","TG31122"
"31123","TREASURE COAST TG31123","TG31123"
"31124","SOUTH-EAST-FLORIDA TG31124","TG31124"
"31125","DISNEY TG31125","TG31125"
"31128","NE FL ARES TG31128","TG31128"
"31129","ORLANDO FL TG31129","TG31129"
"31130","GEORGIA ARES TG31130","TG31130"
"31131","ATLANTA METRO TG31131","TG31131"
"31132","SOUTH GEORGIA TG31132","TG31132"
"31133","SETN NWGA TG31133","TG31133"
"31134","NORTH GEORGIA TG31134","TG31134"
"31135","CENTRAL GA TG31135","TG31135"
"31139","GEORGIA SKYWARN TG31139","TG31139"
"31150","HAWAII 2 TG31150","TG31150"
"31151","MAUI COUNTY TG31151","TG31151"
"31152","HONOLULU COUNTY TG31152","TG31152"
"31153","HAWAII COUNTY TG31153","TG31153"
"31154","KAUAI COUNTY TG31154","TG31154"
"31158","HMASN TG31158","TG31158"
"31159","HAWAII DEM TG31159","TG31159"
"31160","ARES IDAHO TG31160","TG31160"
"31161","ARES ID N TG31161","TG31161"
"31162","ARES ID CENTRAL TG31162","TG31162"
"31164","ARES ID SE TG31164","TG31164"
"31165","ARES ID SW TG31165","TG31165"
"31166","TC ID ARES TG31166","TG31166"
"31167","SOUTHEASTERN IDAHO TG31167","TG31167"
"31170","ROUND LAKE AREA TG31170","TG31170"
"31171","IL-FUSION TG31171","TG31171"
"31172","CHI-NET TG31172","TG31172"
"31173","N ILL ECOMM TG31173","TG31173"
"31174","ECNTRL ILL WXOPS TG31174","TG31174"
"31175","NA ASTRONOMY TG31175","TG31175"
"31176","CHI METRO TG31176","TG31176"
"31177","EAST CENTRAL IL TG31177","TG31177"
"31178","WXCTAC TG31178","TG31178"
"31179","CNT IL WIRES-X TG31179","TG31179"
"31180","INDIANA TAC TG31180","TG31180"
"31181","INDIANA LINK TG31181","TG31181"
"31182","WA9RN OPERATIONS TG31182","TG31182"
"31183","INDIANA WX OPS TG31183","TG31183"
"31184","PARKE-VERMILLION CO TG31184","TG31184"
"31188","SIN TG31188","TG31188"
"31189","CROSSROADS STATEWIDE TG31189","TG31189"
"31190","IOWA CHAT TG31190","TG31190"
"31191","IA DSM 1 TG31191","TG31191"
"31193","IA NW 3 TG31193","TG31193"
"31194","IA SW 4 TG31194","TG31194"
"31195","IA SE 5 TG31195","TG31195"
"31196","IA CID 6 TG31196","TG31196"
"31197","WCARES TG31197","TG31197"
"31198","NWS DVN TG31198","TG31198"
"31199","NWS DMX / SEOC TG31199","TG31199"
"31200","KS SW ARES TG31200","TG31200"
"31201","BYRG TG31201","TG31201"
"31202","BYRG 2 TG31202","TG31202"
"31203","KANSASLINK TG31203","TG31203"
"31204","CKRG TG31204","TG31204"
"31205","KC SKYWARN TG31205","TG31205"
"31206","CEN KS SKYWARN TG31206","TG31206"
"31208","WY CO RACES TG31208","TG31208"
"31209","WY CO CERT TG31209","TG31209"
"31210","XRF210 D TG31210","TG31210"
"31211","KY ARES STATEWIDE TG31211","TG31211"
"31212","NE KY WX SPOTTERS TG31212","TG31212"
"31220","LOUISIANA CHAT TG31220","TG31220"
"31224","XRF048 C TG31224","TG31224"
"31229","ARKLATEX TG31229","TG31229"
"31240","RC CGR DST TG31240","TG31240"
"31241","XRF336 C TG31241","TG31241"
"31242","MD TAC TG31242","TG31242"
"31251","METRO BOSTON TG31251","TG31251"
"31254","XRF054 C TG31254","TG31254"
"31255","HCRA TG31255","TG31255"
"31257","NEARC TG31257","TG31257"
"31260","MICHIGAN WX ARES EMCOMM TG3126","TG31260"
"31261","MI5-STATEWIDE1 TG31261","TG31261"
"31262","MI5-STATEWIDE2 TG31262","TG31262"
"31263","MI5-EVENT1 TG31263","TG31263"
"31265","MI5-EVENT3 TG31265","TG31265"
"31268","UP OF MICHIGAN TG31268","TG31268"
"31269","WMTG TG31269","TG31269"
"31270","MINNESOTA TAC TG31270","TG31270"
"31272","MINN METRO TG31272","TG31272"
"31274","AARG TG31274","TG31274"
"31281","XRF813 A TG31281","TG31281"
"31290","MISSOURI ARES TG31290","TG31290"
"31291","SWMO TG31291","TG31291"
"31292","STL METRO TG31292","TG31292"
"31293","BRANSON AREA TG31293","TG31293"
"31294","NW MISSOURI TG31294","TG31294"
"31295","SE MISSOURI TG31295","TG31295"
"31296","CENTRAL MISSOURI TG31296","TG31296"
"31297","SW MO SKYWARN TG31297","TG31297"
"31298","KCN ARES TG31298","TG31298"
"31299","CASS COUNTY ARES TG31299","TG31299"
"31300","MONTANA CHAT TG31300","TG31300"
"31301","MPRG TG31301","TG31301"
"31302","MPRG 2 TG31302","TG31302"
"31303","BGV TG31303","TG31303"
"31304","NW7RG-USA TG31304","TG31304"
"31305","BITTERROOT VALLEY TG31305","TG31305"
"31310","NEBRASKA EMCOMM TG31310","TG31310"
"31319","NEBRASKA CHAT TG31319","TG31319"
"31320","NV TAC TG31320","TG31320"
"31321","NEVADA 1 TG31321","TG31321"
"31322","VOAD TG31322","TG31322"
"31323","ENARS TG31323","TG31323"
"31325","HXO TG31325","TG31325"
"31326","BURNING MAN TG31326","TG31326"
"31327","LAS VEGAS TG31327","TG31327"
"31328","SNARS RENO / TAHOE TG31328","TG31328"
"31329","SNARS 2 TG31329","TG31329"
"31330","EMCOMM TG31330","TG31330"
"31340","NJPAASTERISK TG31340","TG31340"
"31341","SOUTH JERSEY TG31341","TG31341"
"31342","NORTH JERSEY TG31342","TG31342"
"31349","N2MO OMARC TG31349","TG31349"
"31360","NY-NJ-PA TRISTATE TG31360","TG31360"
"31361","UPSTATE NY TG31361","TG31361"
"31362","NY-METRO TG31362","TG31362"
"31363","ADK TG31363","TG31363"
"31364","LOWER HUDSON VALLEY TG31364","TG31364"
"31365","K2MAK TG31365","TG31365"
"31366","NY METRO ARES TG31366","TG31366"
"31367","SOUTHERN TIER NY TG31367","TG31367"
"31368","MID-HUDSON VALLEY TG31368","TG31368"
"31369","MONROE COUNTY TG31369","TG31369"
"31370","NC TAC TG31370","TG31370"
"31371","TRIANGLE NC TG31371","TG31371"
"31373","EASTERN NC TG31373","TG31373"
"31374","CAROLINA LINK TG31374","TG31374"
"31375","THE HORNETS NEST TG31375","TG31375"
"31376","WNC TACCOMM TG31376","TG31376"
"31377","OUTER BANKS TG31377","TG31377"
"31390","OHIO TAC TG31390","TG31390"
"31391","NORTHEAST OHIO TG31391","TG31391"
"31392","CENTRAL OH WX TG31392","TG31392"
"31393","SOUTHEAST OHIO TG31393","TG31393"
"31394","SW OHIO  TG31394","TG31394"
"31395","ARES TG31395","TG31395"
"31398","EMCOMM TG31398","TG31398"
"31399","OHIO-LINK-YSF TG31399","TG31399"
"31400","OK TAC TG31400","TG31400"
"31401","OK1-CENTRAL TG31401","TG31401"
"31404","SE OK EM TAC TG31404","TG31404"
"31408","OKLAHOMA WX TG31408","TG31408"
"31410","OREGON TAC TG31410","TG31410"
"31411","CENTRAL OREGON TG31411","TG31411"
"31419","REPEATERBOOK TG31419","TG31419"
"31420","PEMA EMCOMM RACES TG31420","TG31420"
"31421","PA TAC TG31421","TG31421"
"31422","WESTERN PA TG31422","TG31422"
"31423","NORTH-CENTRAL PA TG31423","TG31423"
"31424","NORTH EAST PA TG31424","TG31424"
"31425","PA CROSS-MODE TG31425","TG31425"
"31427","TRI-COUNTY TG31427","TG31427"
"31428","RF-IT TG31428","TG31428"
"31429","ZEDNET TG31429","TG31429"
"31441","RHODE ISLAND CHAT TG31441","TG31441"
"31444","RHODE ISLAND DIGITAL LINK TG31","TG31444"
"31450","SC ARES TG31450","TG31450"
"31451","SC TAC TG31451","TG31451"
"31456","LOW COUNTRY  TG31456","TG31456"
"31457","UPSTATE TG31457","TG31457"
"31458","MIDLANDS TG31458","TG31458"
"31459","PEE DEE SC TG31459","TG31459"
"31460","SD ARES  TG31460","TG31460"
"31470","MID-SOUTH CHAT TG31470","TG31470"
"31471","NWS MEMPHIS TG31471","TG31471"
"31472","NWS-SKYWARN TG31472","TG31472"
"31473","KNOX-METRO AREA TG31473","TG31473"
"31474","FUSION-LINK TG31474","TG31474"
"31477","GATLINBURG TG31477","TG31477"
"31479","THE LIGHT TG31479","TG31479"
"31480","TX CHAT TG31480","TG31480"
"31481","NORTH TEXAS TG31481","TG31481"
"31482","SOUTH TEXAS TG31482","TG31482"
"31483","WEST TEXAS TG31483","TG31483"
"31484","SOUTHEAST TEXAS TG31484","TG31484"
"31485","AMARILLO WIRES-X TG31485","TG31485"
"31486","TOM GREEN COUNTY TG31486","TG31486"
"31488","TEXAS-NEXUS TG31488","TG31488"
"31490","76ERS TG31490","TG31490"
"31491","NORTHERN UTAH TG31491","TG31491"
"31492","DAVIS UTAH TG31492","TG31492"
"31511","MIDDLE PENINSULA TG31511","TG31511"
"31512","VIRGINIA ARES TG31512","TG31512"
"31513","SOUTHWEST VIRGINIA TG31513","TG31513"
"31514","SHENANDOAH VALLEY  TG31514","TG31514"
"31515","TIDEWATER VA TG31515","TG31515"
"31530","PNW-WEST TG31530","TG31530"
"31531","OLYMPIC PENINSULA TG31531","TG31531"
"31550","WISCONSIN WXTAC TG31550","TG31550"
"31551","WI--FUSION TG31551","TG31551"
"31555","WI-DMR TG31555","TG31555"
"31561","WYOMING TAC 1 TG31561","TG31561"
"31562","WYOMING TAC 2 TG31562","TG31562"
"31563","WYOMING SEVERE WX TG31563","TG31563"
"31600","USA-AREA 0 TG31600","TG31600"
"31601","USA-AREA 1 TG31601","TG31601"
"31602","USA-AREA 2 TG31602","TG31602"
"31603","USA-AREA 3 TG31603","TG31603"
"31604","USA-AREA 4 TG31604","TG31604"
"31605","USA-AREA 5 TG31605","TG31605"
"31606","USA-AREA 6 TG31606","TG31606"
"31607","USA-AREA 7 TG31607","TG31607"
"31608","USA-AREA 8 TG31608","TG31608"
"31609","USA-AREA 9 TG31609","TG31609"
"31619","CRTS TG31619","TG31619"
"31620","KINGS OF DIGITAL TG31620","TG31620"
"31621","HRCC TG31621","TG31621"
"31622","SOUTH EAST FL TG31622","TG31622"
"31623","PUBLIC SAFETY CHAT TG31623","TG31623"
"31625","THE HANGOUT SPOT TG31625","TG31625"
"31629","SWINE TG31629","TG31629"
"31630","STEM TG31630","TG31630"
"31648","DMR INFO NETWORK TG31648","TG31648"
"31650","SDFARC TG31650","TG31650"
"31651","OSCAR CHANNEL TG31651","TG31651"
"31652","RVING HAMS TG31652","TG31652"
"31653","KC2RC WIRESX TG31653","TG31653"
"31654","4SQRP TG31654","TG31654"
"31655","VENTURE OVERLAND TG31655","TG31655"
"31660","OCEAN COUNTY NJ TG31660","TG31660"
"31661","OMIK TG31661","TG31661"
"31662","LIMARC TG31662","TG31662"
"31663","THE QUEENS PIPELINE TG31663","TG31663"
"31664","NATURE COAST TG31664","TG31664"
"31666","DMR OF ANARCHY TG31666","TG31666"
"31667","OLD FRIENDS TG31667","TG31667"
"31668","STA-MAR TG31668","TG31668"
"31669","GLOBAL DX SYSTEM TG31669","TG31669"
"31670","FLORIDA GULF COAST TG31670","TG31670"
"31671","YOUTH ARC TG31671","TG31671"
"31672","PI-STAR CHAT TG31672","TG31672"
"31673","R5AUXCOMM TG31673","TG31673"
"31674","THE GUILD TG31674","TG31674"
"31675","NFL RACES TG31675","TG31675"
"31676","ALLSTAR 46031 / WIRES-X TG3167","TG31676"
"31677","OEI REPEATER GROUP TG31677","TG31677"
"31679","BLINDHAMSGROUPIO TG31679","TG31679"
"31680","QUADNET WX TG31680","TG31680"
"31681","SEARCH AND RESCUE USA TG31681","TG31681"
"31682","SEARCH AND RESCUE TAC1 TG31682","TG31682"
"31688","HAM SHACK HOTLINE TG31688","TG31688"
"31689","FDMRCCU TG31689","TG31689"
"31697","RUSSIAN AMERICANS TG31697","TG31697"
"31699","GREEK AMERICANS TG31699","TG31699"
"31720","NEW ENG SKYWARN TG31720","TG31720"
"31730","MAWSCOORD TG31730","TG31730"
"31771","PNWR TG31771","TG31771"
"31772","OUTDOOR ADVENTURE GROUP TG3177","TG31772"
"31773","GEEKS IN JEEPS TG31773","TG31773"
"31774","WEATHER WATCHING TG31774","TG31774"
"31775","PINOYHAMS TG31775","TG31775"
"31776","LIBERTY TALK GROUP TG31776","TG31776"
"31777","DX-LINK SYSTEM TG31777","TG31777"
"31801","THE GATHERING SPOT TG31801","TG31801"
"31802","THE CHAT LOUNGE TG31802","TG31802"
"31803","SECRET TALK GROUP TG31803","TG31803"
"31805","CCDMR TG31805","TG31805"
"31806","AREC-FUSION TG31806","TG31806"
"31809","AREC-DSTAR-XREF TG31809","TG31809"
"31810","AREC-MULTI-P-XLX TG31810","TG31810"
"31811","PINELLAS-WIRESX TG31811","TG31811"
"31812","PINELLAS-DSTAR-DCS TG31812","TG31812"
"31813","PINELLAS-DSTAR-XRF TG31813","TG31813"
"31814","PINELLAS-MULTI-P-XLX TG31814","TG31814"
"31990","HANDI-HAMS TG31990","TG31990"
"33017","PRNET TG33017","TG33017"
"33020","WESTERN PR ENGLISH TG33020","TG33020"
"37022","RDNET TG37022","TG37022"
"37030","SKYNET TG37030","TG37030"
"37040","DMR DOMINICAN REPUBLIC TG37040","TG37040"
"40407","KERALA TG40407","TG40407"
"40430","NEW DELHI TG40430","TG40430"
"42201","MUSCAT TG42201","TG42201"
"44155","SHOUNANYSF TG44155","TG44155"
"46001","NATIONAL MULTI MODE TG46001","TG46001"
"46007","TG46007","TG46007"
"46600","TG46600","TG46600"
"46609","HAMTALK CLUB TG46609","TG46609"
"46610","TAIWAN CTARL TG46610","TG46610"
"50210","MY WIRES-X YSF BRIDGE TG50210","TG50210"
"50297","JOTA MALAYSIA TG50297","TG50297"
"50298","JOTA MALAYSIA TG50298","TG50298"
"50501","XLX389A TG50501","TG50501"
"50503","XLX389C TG50503","TG50503"
"50510","XLX510 D TG50510","TG50510"
"50521","IARS CHAT TG50521","TG50521"
"50525","P25 50525 BRIDGE TG50525","TG50525"
"50531","VK3 CHAT 1 TG50531","TG50531"
"50566","WICEN TG50566","TG50566"
"50590","VK2HK-2-ROOM WIRES-X TG50590","TG50590"
"50591","VK2GP-ND WIRES-X TG50591","TG50591"
"50592","VK3KAY-ROOM WIRES-X TG50592","TG50592"
"50593","XRF740 C TG50593","TG50593"
"50594","VK2RFG-ROOM TG50594","TG50594"
"50599","YSF001XLX389DNXDN505 TG50599","TG50599"
"51035","GROUPE FCF - SIDEV","TG51035"
"51525","SCAN I TG51525","TG51525"
"51546","SCAN I TG51546","TG51546"
"51569","BADMG TG51569","TG51569"
"52088","KORAT HAM CLUB TG52088","TG52088"
"52099","SAILOM HAM CLUB TG52099","TG52099"
"53020","XLX626A TG53020","TG53020"
"53021","IFROAR TG53021","TG53021"
"53029","XLX299B TG53029","TG53029"
"53050","XLX751 TG53050","TG53050"
"53099","XLX750 TG53099","TG53099"
"55555","MUMBLE TG5x5 NDS / HB","TG55555"
"70403","GUATEMALA EVENTO ESPECIAL TG70","TG70403"
"70404","GUATEMALA AREA 4 TG70404","TG70404"
"70405","GUATEMALA AREA 5 TG70405","TG70405"
"70406","GUATEMALA AREA 6 TG70406","TG70406"
"70407","GUATEMALA AREA 7 TG70407","TG70407"
"70408","GUATEMALA AREA 8 TG70408","TG70408"
"70409","GUATEMALA AREA 9 TG70409","TG70409"
"71200","CRLINKHUB TG71200","TG71200"
"73090","CE3SER COORDINATION TG73090","TG73090"
"73099","CL-WIRES-X-DMR TG73099","TG73099"
"73203","YSF COLUMBIA LR TG73203","TG73203"
"73257","COLOMBIA-LINKS TG73257","TG73257"
"74801","MONTEVIDEO TG74801","TG74801"
"74802","MONTEVIDEO TG74802","TG74802"
"74803","ARTIGAS TG74803","TG74803"
"74804","CANELONES TG74804","TG74804"
"74805","CERRO LARGO TG74805","TG74805"
"74806","COLONIA TG74806","TG74806"
"74807","DURAZNO TG74807","TG74807"
"74808","FLORES TG74808","TG74808"
"74809","FLORIDA TG74809","TG74809"
"74810","LAVALLEJA TG74810","TG74810"
"74811","MALDONADO TG74811","TG74811"
"74812","TG74812","TG74812"
"74813","R NEGRO TG74813","TG74813"
"74814","RIVERA TG74814","TG74814"
"74815","ROCHA TG74815","TG74815"
"74816","SALTO TG74816","TG74816"
"74817","TG74817","TG74817"
"74818","SORIANO TG74818","TG74818"
"74819","TACUAREMB TG74819","TG74819"
"74820","TREINTA Y TRES TG74820","TG74820"
"74830","CX TAC 1 TG74830","TG74830"
"74840","CX TAC 2 TG74840","TG74840"
"77777","ZELLO - FREEDMR DIGITAL","TG77777"
"88888","CROSSLINK FRN AUF DER N8SCHICHT",TG88888
"91665","MARINES RNLMC TG91665","TG91665"
"95150","GLOBAL NORCAL 5150 TG95150","TG95150"
"98001","WWARG TG98001","TG98001"
"98002","HAMFURS","TG98002"
"98003","REDDIT TG98003","TG98003"
"98004","W8IRC IRC CHAT TG98004","TG98004"
"98005","SBE TG98005","TG98005"
"98006","AMSAT TG98006","TG98006"
"98007","IECRO TG98007","TG98007"
"98010","CAFE GRATIS WW TG98010","TG98010"
"98229","SICILY FREE TG98229","TG98229"
"131313","INTERNATIONAL DX-CLUB 13RF","TG131313"
"202011","DV4 CHAT TG202011","TG202011"
"202012","DMO CHAT TG202012","TG202012"
"202020","HELLENIC ROIP TG202020","TG202020"
"202030","GREEK QSO NET TG202030","TG202030"
"202199","HAREN TG202199","TG202199"
"204911","EMCOMM NL TG204911","TG204911"
"208003","RPT FONTENAY JN18KQ TG208003","TG208003"
"208647","REUNION ISLAND TG208647","TG208647"
"208911","RPT ST AMAND JO10RK TG208911","TG208911"
"208921","RPT DIJON JN27MH TG208921","TG208921"
"208963","RPT CAPELLE LG JO11EA TG208963","TG208963"
"214012","GALICIA TG214012","TG214012"
"214112","EMERGENCIAS TG214112","TG214112"
"216999","Hungary APRS ","TG216999"
"222001","TAC1-ITA TG222001","TG222001"
"222002","TAC2-ITA TG222002","TG222002"
"222003","TAC3-ITA TG222003","TG222003"
"222004","TAC4-ITA TG222004","TG222004"
"222005","TAC5-ITA TG222005","TG222005"
"222006","TAC6-ITA TG222006","TG222006"
"222007","TAC7-ITA TG222007","TG222007"
"222008","TAC8-ITA TG222008","TG222008"
"222009","TAC9-ITA TG222009","TG222009"
"222010","TAC10-ITA TG222010","TG222010"
"222030","CLUSTER BRESCIA TG222030","TG222030"
"222112","EMERGENZA-112 TG222112","TG222112"
"222113","EMERGENZA-113 TG222113","TG222113"
"222990","SPECIAL ACTIVATION TG222990","TG222990"
"226112","YO EMCOMM 112 TG226112","TG226112"
"226123","YO QSO PARTY TG226123","TG226123"
"228111","ROOM VERBIER TG228111","TG228111"
"240240","DCS010B TG240240","TG240240"
"240888","SM OPENSPOT TG240888","TG240888"
"250112","RADIO AMATEUR RESCUE SERVICE T","TG250112"
"250625","RUSSIA / KRASNOGORSK TG250625","TG250625"
"250629","RUSSIA / OREL TG250629","TG250629"
"250630","RUSSIA / SERGIEV POSAD TG25063","TG250630"
"250631","RUSSIA / UGLICH TG250631","TG250631"
"250632","RUSSIA / SYBERIA AND FAR EAST ","TG250632"
"250633","RUSSIA / UFA TG250633","TG250633"
"250634","RUSSIA / KURGANINSK TG250634","TG250634"
"250635","RUSSIA / IRKUTSK CHITA TG25063","TG250635"
"250636","RUSSIA / SAROV TG250636","TG250636"
"250637","RUSSIA / TVER TG250637","TG250637"
"250638","RUSSIA / CRIMEA TG250638","TG250638"
"250639","RUSSIA / FAR EAST TG250639","TG250639"
"250640","RUSSIA / MAIKOP TG250640","TG250640"
"250641","RUDIVO RUSSIA TG250641","TG250641"
"250642","RUSSIA / SNEZHINSK TG250642","TG250642"
"250643","RUSSIA / YAROSLAVL REGION TG25","TG250643"
"262339","H32-LEHRTE","TG262339"
"262810","PEGASUS PROJEKT","TG262810"
"262826","DM0QN","TG262826"
"262841","REGION-INGOLSTADT","TG262841"
"262872","AMBERG","TG262872"
"263112","HIORG-TALK EMCOMM","TG263112"
"263113","UNWETTER NETZ","TG263113"
"263301","BAHNFREUNDE","TG2623301"
"263333","TWITTERRUNDE","TG263333"
"263815","FUNKERPORTAL","TG263185"
"263907","JOTA-DL","TG263907"
"264555","IG-HASPIRIT","TG264555"
"265112","NOTFUNK DEUTSCHLAND","TG265112"
"268117","EMERGENCIA 117 TG268117","TG268117"
"268901","OPORTO GROUP TG268901","TG268901"
"268902","R A T A TG268902","TG268902"
"268903","ARAT CLUB TG268903","TG268903"
"268911","PT HOTSPOT1 TG268911","TG268911"
"268912","PT DSTARDMR TG268912","TG268912"
"268913","PT DMRFUSION TG268913","TG268913"
"268914","PT DMRCS5LART TG268914","TG268914"
"268915","PT HOTSPOT2 TG268915","TG268915"
"268940","XRF040 A TG268940","TG268940"
"268941","XRF040 B TG268941","TG268941"
"268942","XRF789 B TG268942","TG268942"
"268945","XLX766 D TG268945","TG268945"
"268950","XLX950 E TG268950","TG268950"
"284112","EMCOMM BG TG284112","TG284112"
"286112","AFET ACIL DURUM TG286112","TG286112"
"310670","SAN DIEGO CA TG310670","TG310670"
"310997","PARROT TG310997","TG310997"
"330390","RL1HX - RELAIS NIEHEIM","TG330390"
"460219","CROSSLINK SHANGHAI","TG460219"
"460666","CHINA SUIZHOU AR TG460666","TG460666"
"505999","XLX626BNZXLXYSF TG505999","TG505999"
"530999","XLX626AYSF TG530999","TG530999"
"647647","REUNION ISLAND TG647647","TG647647"
"724942","XLX-YSF 724 TG724942","TG724942"
"724943","XRF724 C TG724943","TG724943"
"724949","WIRES-X BR TG724949","TG724949"
"724952","YSF 722 TG724952","TG724952"
"730911","EMCOMM CHILE TG730911","TG730911"
"732911","HK EMMCOMM TG732911","TG732911"
"900999","D-APRS","TG900999"
"950600","RUSSIA / IVANOVO TG950600","TG950600"
"950601","RUSSIA / TARKO-SALE / RT9K TG9","TG950601"
"950602","RUSSIA / TARKO-SALE / RT9K / E","TG950602"
"950603","RUSSIA / MOSCOW / UA3AAT TG950","TG950603"
"950604","RUSSIA / MOSCOW / ICS TG950604","TG950604"
"950605","RUSSIA / EKATERINBURG 1 TG9506","TG950605"
"950606","RUSSIA / SAINT PETERSBURG TG95","TG950606"
"950607","RUSSIA / VERKHNAYA PYSHMA TG95","TG950607"
"950608","RUSSIA / KALININGRAD TG950608","TG950608"
"950609","RUSSIA / SYKTYVKAR TG950609","TG950609"
"950610","RUSSIA / CHELYABINSK TG950610","TG950610"
"950611","RUSSIA / MOSCOW / RD3ANL TG950","TG950611"
"950612","RUSSIA / OMSK TG950612","TG950612"
"950613","RUSSIA / EKATERINBURG 2 TG9506","TG950613"
"950614","RUSSIA / DOMODEDOVO TG950614","TG950614"
"950615","RUSSIA / ROSTOV-ON-DON TG95061","TG950615"
"950616","RUSSIA / ROSTOV REGION TG95061","TG950616"
"950617","RUSSIA / CAUCASUS TG950617","TG950617"
"950618","RUSSIA / KIROV TG950618","TG950618"
"950619","RUSSIA / VOLGODONSK TG950619","TG950619"
"950620","RUSSIA / MOSCOW / R2AJV TG9506","TG950620"
"950621","RUSSIA / MOSCOW TG950621","TG950621"
"950622","RUSSIA / KRASNOYARSK 1 TG95062","TG950622"
"950623","RUSSIA / KRASNOYARSK 2 TG95062","TG950623"
"950624","RUSSIA / MOZHAYSK TG950624","TG950624"
"950626","RUSSIA / NAROFOMINSK TG950626","TG950626"
"950627","RUSSIA / KRASNODAR TG950627","TG950627"
"950628","RUSSIA / SEVASTOPOL TG950628","TG950628"
"950629","RUSSIA / ZELENOGRAD MOSCOW TG9","TG950629"
"1234567","INVALID TG TG1234567","TG1234567"
"2049125","PI2NOS TG2049125","TG2049125"
"2049881","XRF088 A TG2049881","TG2049881"
"2049882","XRF088 B TG2049882","TG2049882"
"2080332","FRANCE / DCS033C 16 TG2080332","TG2080332"
"2080673","FRANCE / XRF067C 17 TG2080673","TG2080673"
"2709112","LX EMCOMM TG2709112","TG2709112"
"2651388","USER-TG BROKER88","TG2651388"
"2651717","USER-TG 13LU017","TG2651717"
"2651904","USER-TG DR3HBF","TG2651904"
"3020000","ALDIAGAMING1 USER-TG BOBFLOOF","TG3020000"
"2049000","ALDIAGAMING2 USER-TG NAHKATO","TG2049000"
"2654265","FURCOM2 USER-TG HYPER","TG2654265"
"2651990","WILHELMSHAVEN USER-TG WH3CBA","TG2651990"
"2653050","Cato B. USER-TG 13HN308","TG2653050"
"2655001","RELAIS HAMBURG","TG2655001"
"2655002","CROSSLINK FRN-MITTELSACHSEN","TG2655002"
"2655003","RELAIS NIEHEIM","TG2655003"
"2655005","RELAIS BAD LAUSICK","TG2655005"
"2655006","RELAIS BAD LAUSICK","TG2655006"
"2655011","CROSSLINK FRN-MITTELSACHSEN","TG2655011"
"2655013","ZELLO FREEDMR DIGITAL","TG2655013"
"2655016","RELAIS BORGHOLZHAUSEN","TG2655016"
"2655017","CROSSLINK KISSINGER HÜTTE","TG2655017"
"2655018","RELAIS KISSINGER HÜTTE","TG2655018"
"2655130","RELAIS FREENET FÜRSTENWALDE","TG2655130"
"2655140","RELAIS PMR446 FÜRSTENWALDE","TG2655140"
"2654103","KYFFHÄUSERKREIS USER-TG BEBRA3","TG2654103"
"2653150","USER-TG DW1PBJ","TG2653150"
"2654790","USER-TG U96","TG2654790"
"2654565","USER-TG AJ1","TG2654565"
"2654991","EICHSFELDKREIS USER-TG FUNKLEI","TG2654991"
"2621218","USER-TG DB0JSF","TG2621218"
"5059742","XRF740 C TG5059742","TG5059742"
"2654112","USER-TG Teddybaer","TG2654112"